STT	JSON_Name	Title	Level
1	B1/0001.json	The incredible dolphin	B1
2	B2/0001.json	The flower trade	B2
3	B2/0002.json	The power of perfume	B2
4	B2/0003.json	An incredible journey	B2
5	B2/0004.json	The travels of Ibn Battuta	B2
6	B2/0005.json	The teenage brain	B2
7	B2/0006.json	Seeing double	B2
8	B2/0007.json	The big thaw	B2
9	B2/0008.json	Life on the edge	B2
10	C1/0001.json	The genes are to blame	C1
11	C1/0002.json	Chasing the dream job	C1
12	C1/0003.json	Talking clothes get our measure	C1
13	C1/0004.json	Fashion	C1
14	C1/0005.json	Biological Adaptations for Human Language	C1
15	C2/0001.json	Attention and Consciousness	C2